{
    "best_model": "Ridge",
    "metrics": [
        {
            "name": "Ridge",
            "r2_mean": 0.37839224624346346,
            "mae": 1.1383658901192777,
            "rmse": 1.3961808947054277
        },
        {
            "name": "Random Forest",
            "r2_mean": -0.25024103826795835,
            "mae": 1.4471653516544918,
            "rmse": 1.8485476107433283
        },
        {
            "name": "XGBoost",
            "r2_mean": -0.2553034068823227,
            "mae": 1.4771846191990465,
            "rmse": 1.8477328149454082
        },
        {
            "name": "LightGBM",
            "r2_mean": -0.3346202762044101,
            "mae": 1.4801158317769758,
            "rmse": 1.8886356078307185
        }
    ]
}