{
    "best_model": "XGBoost",
    "ridge": {
        "r2": [
            -4.068538516579762,
            -8.012152580272769,
            -8.214607415208569,
            -2.4221362923195233,
            -1523.705720125617
        ],
        "mae": [
            2.1910840013891675,
            6.3081461918063075,
            4.918135134769082,
            2.529417034980672,
            39.71583869696468
        ]
    },
    "random_forest": {
        "r2": [
            -2.8307752063596583,
            -8.64190343383744,
            -3.344650445568127,
            -0.24001830257854428,
            -10.361340484014551
        ],
        "mae": [
            2.008327074043525,
            6.577074530788171,
            4.004523019810615,
            1.560407981988136,
            3.5433168271270556
        ]
    }
}