{
    "best_model": "XGBoost",
    "ridge": {
        "r2": [
            -12.67408158823772,
            -20.33135571924984,
            -12.203460162691556,
            -1091.9352418452734,
            -44.9125125474479
        ],
        "mae": [
            4.687839362281381,
            3.2427147788350603,
            4.796670862656273,
            26.84214427849704,
            4.212672754627401
        ]
    },
    "random_forest": {
        "r2": [
            -1.7714837811993451,
            -25.986910089977474,
            -4.632392852023883,
            -1.5182597841017982,
            -48.865366990373076
        ],
        "mae": [
            2.0975153103286255,
            4.2152773169486,
            2.9613648029339115,
            1.7565922174544086,
            4.953272890196754
        ]
    },
    "xgboost": {
        "r2": [
            -0.40381485123544003,
            -16.47067867472021,
            -5.130093802169627,
            -1.6907284602477244,
            -39.75852427663726
        ],
        "mae": [
            1.5732021204719004,
            3.275763398584029,
            3.1522119876019414,
            1.8413378580689401,
            4.1821185786159365
        ]
    }
}