{
    "best_model": "RandomForest",
    "ridge": {
        "r2": [
            -4.439870217763911,
            -2.128363827143445,
            -1.594789063057965,
            -0.9047649799700839,
            -1.0520422694674987
        ],
        "mae": [
            2.8554453095478425,
            4.089645021717332,
            2.8075412568624736,
            1.6942518922010272,
            1.3725751351474937
        ],
        "rmse": [
            3.20397659458267,
            4.718309187455478,
            3.357706673328614,
            2.207581002888745,
            1.9062585049400962
        ]
    },
    "random_forest": {
        "r2": [
            -2.2528439645427536,
            -2.0585836855161936,
            -1.594789063057965,
            -0.907991474664348,
            -0.724733466217562
        ],
        "mae": [
            1.796556192391973,
            3.9345893566450822,
            2.8075412568624736,
            1.7058377214320297,
            1.2043586980411876
        ],
        "rmse": [
            2.4775742641072047,
            4.665389982894207,
            3.357706673328614,
            2.209449930210888,
            1.7476305917507475
        ]
    },
    "xgboost": {
        "r2": [
            -2.7354991203811627,
            -2.5310708722755044,
            -1.594789063057965,
            -0.7299563100090871,
            -0.4387229003144044
        ],
        "mae": [
            2.0707873029328243,
            4.229038555349352,
            2.8075412568624736,
            1.5686982034977317,
            1.1305999096596673
        ],
        "rmse": [
            2.655029707295022,
            5.012807022089651,
            3.357706673328614,
            2.1038439181116595,
            1.5961629335311425
        ]
    },
    "saved_models": [
        "models/ridge.pkl",
        "models/random_forest.pkl",
        "models/xgboost.pkl"
    ],
    "holdout_path": "models/holdout.csv"
}