{
    "best_model": "RandomForest",
    "metrics": [
        {
            "name": "Ridge",
            "r2_mean": -38.53885301195341,
            "mae": 4.58755045312015,
            "rmse": 6.84413216302503
        },
        {
            "name": "Random Forest",
            "r2_mean": 0.03326052568534284,
            "mae": 1.4732689659212468,
            "rmse": 1.814072439056332
        },
        {
            "name": "XGBoost",
            "r2_mean": 0.015122684885863592,
            "mae": 1.5380756670947386,
            "rmse": 1.8285199258662168
        },
        {
            "name": "LightGBM",
            "r2_mean": -0.03280619473040347,
            "mae": 1.5535233568341875,
            "rmse": 1.848708596237143
        }
    ]
}