{
    "best_model": "RandomForest",
    "ridge": {
        "r2": [
            -32.255665983384255,
            -0.11365186637477342,
            -25.191879715984467,
            -6.408919968280076,
            -16.376480590300446
        ],
        "mae": [
            6.704454924196254,
            2.4052538149466756,
            9.983466887887277,
            3.597442109236877,
            4.675275301581997
        ],
        "rmse": [
            7.921873266368728,
            2.815156177211905,
            10.667804748916343,
            4.353849383299434,
            5.547145442015282
        ]
    },
    "random_forest": {
        "r2": [
            -2.54687737313176,
            -1.646603820775176,
            -0.7032624617756043,
            -2.121533233105189,
            -2.3434300005516677
        ],
        "mae": [
            1.8539439946808591,
            3.603676641085411,
            2.194240386696301,
            2.256097568775816,
            2.030904940500137
        ],
        "rmse": [
            2.5871294068800372,
            4.339825189813244,
            2.720398407959852,
            2.8260505816543016,
            2.433238954718693
        ]
    },
    "xgboost": {
        "r2": [
            -4.6041189539903025,
            -2.4280353166600275,
            -0.8758885828128264,
            -1.064799392154724,
            -0.48695982805928373
        ],
        "mae": [
            2.3835741941727875,
            4.150270764374624,
            2.160537366039854,
            1.7639478960876003,
            1.1704267842899927
        ],
        "rmse": [
            3.251986530539127,
            4.939129492097122,
            2.8549285557446353,
            2.298449049809487,
            1.622700092696666
        ]
    }
}