{
    "best_model": "XGBoost",
    "ridge": {
        "r2": [
            -0.7805992163652655,
            -1.4847098711791697,
            -2.359549865246599,
            -5.363230301864098,
            -391.1045958321706
        ],
        "mae": [
            1.5438053755374346,
            3.0272549383158696,
            3.749684149689086,
            4.213493871427054,
            14.147393024004629
        ],
        "rmse": [
            1.8008471828203771,
            3.6741348149233333,
            4.331809616461688,
            4.661946539763466,
            24.746515835991158
        ]
    },
    "random_forest": {
        "r2": [
            -2.0816199677593605,
            -2.420961305071938,
            -0.2992894376335338,
            -0.5935618458198484,
            -9.661460708945041
        ],
        "mae": [
            2.004127762187057,
            3.6256271481835993,
            2.146024901527325,
            1.8476945305637307,
            3.275108537191998
        ],
        "rmse": [
            2.3690995574916722,
            4.311132055680609,
            2.693901854349252,
            2.332990281296455,
            4.08057580803677
        ]
    },
    "xgboost": {
        "r2": [
            -2.238028477922593,
            -2.706603740383538,
            -0.11225233281399105,
            -0.43271120707147914,
            -6.494794508028764
        ],
        "mae": [
            2.066099664675783,
            3.8831124505258345,
            2.165109383754982,
            1.721270460545431,
            2.56334655411571
        ],
        "rmse": [
            2.428477610619935,
            4.487508921269068,
            2.4924730886583646,
            2.212115491571506,
            3.4213142012613837
        ]
    },
    "saved_models": [
        "models/ridge.pkl",
        "models/random_forest.pkl",
        "models/xgboost.pkl"
    ],
    "holdout_path": "models/holdout.csv"
}