{
    "best_model": "XGBoost",
    "ridge": {
        "r2": [
            -4.939161422164925,
            -6.2938060222044445,
            -1.604188343917936,
            -0.7763785657952003,
            -4.102370302559807
        ],
        "mae": [
            2.7365558044993543,
            5.723451145383104,
            2.808455662360063,
            1.7691407793359155,
            2.483933417785081
        ],
        "rmse": [
            2.960249226780862,
            6.062747539029225,
            3.589700744462805,
            2.253961855264667,
            2.966220051200894
        ]
    },
    "random_forest": {
        "r2": [
            -3.1252517415615824,
            -7.588993998545698,
            -1.1575998960417722,
            -0.24528119361083278,
            -1.2575630718226773
        ],
        "mae": [
            2.103355028718827,
            6.294969797848716,
            2.629597998571345,
            1.4339061631115473,
            1.4685249885801204
        ],
        "rmse": [
            2.4671237829248236,
            6.579055182203142,
            3.267439132072275,
            1.8871764770768287,
            1.9730465219721416
        ]
    },
    "xgboost": {
        "r2": [
            -3.615216427729906,
            -6.952051989243167,
            -1.1575998960417722,
            -0.5283677618397233,
            -0.5378959820217866
        ],
        "mae": [
            2.229592465084335,
            6.012416452397417,
            2.629597998571345,
            1.5557159490362886,
            1.1681428376033909
        ],
        "rmse": [
            2.609526716984791,
            6.330412128856195,
            3.267439132072275,
            2.0907048857347257,
            1.6284741174621016
        ]
    },
    "saved_models": [
        "models/ridge.pkl",
        "models/random_forest.pkl",
        "models/xgboost.pkl"
    ],
    "holdout_path": "models/holdout.csv"
}