{
    "best_model": "XGBoost",
    "metrics": [
        {
            "name": "Ridge",
            "r2_mean": 0.8426659193736,
            "mae": 1.5,
            "rmse": 2.0
        },
        {
            "name": "Random Forest",
            "r2_mean": 0.9899689033234107,
            "mae": 1.2,
            "rmse": 1.6
        },
        {
            "name": "XGBoost",
            "r2_mean": 0.9922313667254175,
            "mae": 1.1,
            "rmse": 1.5
        }
    ]
}