{
    "best_model": "Ridge",
    "metrics": [
        {
            "name": "Ridge",
            "r2_mean": 0.5510985758753925,
            "mae": 0.9039578078305752,
            "rmse": 1.1351732467278848
        },
        {
            "name": "Random Forest",
            "r2_mean": -0.29539344110968235,
            "mae": 1.5506251974709933,
            "rmse": 1.9341343450178896
        },
        {
            "name": "XGBoost",
            "r2_mean": -0.21323763756141884,
            "mae": 1.5185446862759493,
            "rmse": 1.8725763186725177
        },
        {
            "name": "LightGBM",
            "r2_mean": -0.401474088555815,
            "mae": 1.5732127218768364,
            "rmse": 1.9562841596280467
        }
    ]
}