{
    "best_model": "ridge",
    "rbi_min": 0.0,
    "ridge": {
        "r2": [
            0.01295109473665823,
            0.044270687072555215,
            0.036642064453403234,
            0.045088230947975094,
            -0.30314896929333135
        ],
        "mae": [
            0.08621255092065717,
            0.10281196650155784,
            0.06739223986813024,
            0.05046943945099018,
            0.08452522965392466
        ],
        "rmse": [
            0.17928932639798345,
            0.2608168425037797,
            0.20052657498151183,
            0.17861612429809126,
            0.16799808304544417
        ]
    },
    "random_forest": {
        "r2": [
            -0.728747218126844,
            -1.8553350947680722,
            -0.14063615240275817,
            -0.11436762592991179,
            -4.661873676090764
        ],
        "mae": [
            0.1747774468276751,
            0.31286167175601426,
            0.10396818613317207,
            0.07440313783090317,
            0.26655157353097214
        ],
        "rmse": [
            0.237274379911766,
            0.4508133012358452,
            0.21819845074802896,
            0.19295377602993855,
            0.35017680950124075
        ]
    },
    "xgboost": {
        "r2": [
            -0.4068669153683251,
            -1.0063698038240116,
            -0.008328839541981381,
            -0.0689576559759244,
            -3.2375402386863827
        ],
        "mae": [
            0.11935121124619304,
            0.24240254693816243,
            0.0793743754802584,
            0.06418020936411235,
            0.21005495283930944
        ],
        "rmse": [
            0.21404821391306963,
            0.3778971975873385,
            0.2051536229441006,
            0.18898149907612585,
            0.3029452946149073
        ]
    },
    "saved_models": [
        "models/month_ridge.pkl",
        "models/month_random_forest.pkl",
        "models/month_xgboost.pkl"
    ]
}