{
    "best_model": "ridge",
    "rbi_min": 2.0,
    "rbi_max": 6.0,
    "ridge": {
        "r2": [
            -157.59361736956137,
            -53.3120484279141,
            -96.05676745253442,
            -115.39151165908311,
            -177.66226675392792
        ],
        "mae": [
            1.9806232873471254,
            1.9693361451080718,
            1.9730137559242313,
            1.9848654991348162,
            1.9787454188604348
        ],
        "rmse": [
            1.9868973080552512,
            1.9815313695247976,
            1.9823936111475406,
            1.9906241915473704,
            1.9843064444058591
        ]
    },
    "random_forest": {
        "r2": [
            -157.59361736956137,
            -53.3120484279141,
            -96.05676745253442,
            -115.39151165908311,
            -177.66226675392792
        ],
        "mae": [
            1.9806232873471254,
            1.9693361451080718,
            1.9730137559242313,
            1.9848654991348162,
            1.9787454188604348
        ],
        "rmse": [
            1.9868973080552512,
            1.9815313695247976,
            1.9823936111475406,
            1.9906241915473704,
            1.9843064444058591
        ]
    },
    "xgboost": {
        "r2": [
            -157.59361736956137,
            -53.3120484279141,
            -113.20904901976475,
            -115.39151165908311,
            -177.66226675392792
        ],
        "mae": [
            1.9806232873471254,
            1.9693361451080718,
            2.140174118571002,
            1.9848654991348162,
            1.9787454188604348
        ],
        "rmse": [
            1.9868973080552512,
            1.9815313695247976,
            2.150439534554533,
            1.9906241915473704,
            1.9843064444058591
        ]
    },
    "saved_models": [
        "models/month_ridge.pkl",
        "models/month_random_forest.pkl",
        "models/month_xgboost.pkl"
    ]
}