{
    "best_model": "ridge",
    "rbi_min": 2.0,
    "rbi_max": 6.0,
    "ridge": {
        "r2": [
            -155.65627271802637,
            -50.32002944039091,
            -94.62371602031885,
            -115.90959551166543,
            -183.30269610360932
        ],
        "mae": [
            1.9801224666426078,
            1.966817044690973,
            1.9725674472684396,
            1.985504545280658,
            1.9797381006668056
        ],
        "rmse": [
            1.9864728447110664,
            1.9798844706092313,
            1.9820734918773881,
            1.991142384453482,
            1.9851309437310802
        ]
    },
    "random_forest": {
        "r2": [
            -155.65627271802637,
            -50.32002944039091,
            -94.62371602031885,
            -115.90959551166543,
            -183.30269610360932
        ],
        "mae": [
            1.9801224666426078,
            1.966817044690973,
            1.9725674472684396,
            1.985504545280658,
            1.9797381006668056
        ],
        "rmse": [
            1.9864728447110664,
            1.9798844706092313,
            1.9820734918773881,
            1.991142384453482,
            1.9851309437310802
        ]
    },
    "xgboost": {
        "r2": [
            -155.65627271802637,
            -50.32002944039091,
            -94.62371602031885,
            -115.90959551166543,
            -183.91598107765975
        ],
        "mae": [
            1.9801224666426078,
            1.966817044690973,
            1.9725674472684396,
            1.985504545280658,
            1.9829275831826636
        ],
        "rmse": [
            1.9864728447110664,
            1.9798844706092313,
            1.9820734918773881,
            1.991142384453482,
            1.9884310578647075
        ]
    },
    "saved_models": [
        "models/month_ridge.pkl",
        "models/month_random_forest.pkl",
        "models/month_xgboost.pkl"
    ]
}