{"pred_branch": "engineered", "pred_sample": {"DEXINUS_pct_change_30": -10.358908231248654, "DEXINUS_pct_change_90": -7.434531735463834, "DEXINUS_pct_change_180": -5.473087818696887, "INDLORSGPNOSTSAM_pct_change_30": 0.0, "INDLORSGPNOSTSAM_pct_change_90": 0.0, "INDLORSGPNOSTSAM_pct_change_180": 0.0, "INTDSRINM193N_pct_change_30": 20.0, "INTDSRINM193N_pct_change_90": 20.0, "INTDSRINM193N_pct_change_180": 20.0, "MKTGDPINA646NWDB_pct_change_30": -20.0, "MKTGDPINA646NWDB_pct_change_90": -20.0, "MKTGDPINA646NWDB_pct_change_180": -20.0, "Unemployment Rate Annually_pct_change_30": 0.0, "Unemployment Rate Annually_pct_change_90": 0.0, "Unemployment Rate Annually_pct_change_180": 0.0, "WPIATT01INM661N_pct_change_30": -0.0028645833332396897, "WPIATT01INM661N_pct_change_90": -0.0028645833332396897, "WPIATT01INM661N_pct_change_180": -0.0028645833332396897, "DEXINUS_lag_pct_30": 2.3987676056338003, "DEXINUS_lag_pct_90": 2.1189801699716737, "INDLORSGPNOSTSAM_lag_pct_30": 0.0, "INDLORSGPNOSTSAM_lag_pct_90": 0.0, "INTDSRINM193N_lag_pct_30": 0.0, "INTDSRINM193N_lag_pct_90": 0.0, "MKTGDPINA646NWDB_lag_pct_30": 0.0, "MKTGDPINA646NWDB_lag_pct_90": 0.0, "Unemployment Rate Annually_lag_pct_30": 0.0, "Unemployment Rate Annually_lag_pct_90": 0.0, "WPIATT01INM661N_lag_pct_30": 0.0, "WPIATT01INM661N_lag_pct_90": 0.0, "DEXINUS_rolling_pct_avg_30": 1.310745320416222, "DEXINUS_rolling_pct_avg_90": 3.8252171229977536, "INDLORSGPNOSTSAM_rolling_pct_avg_30": 0.0, "INDLORSGPNOSTSAM_rolling_pct_avg_90": 0.0, "INTDSRINM193N_rolling_pct_avg_30": 0.8737864077669902, "INTDSRINM193N_rolling_pct_avg_90": 0.29126213592232997, "MKTGDPINA646NWDB_rolling_pct_avg_30": -3.3333333303494483, "MKTGDPINA646NWDB_rolling_pct_avg_90": -1.1111111101164828, "Unemployment Rate Annually_rolling_pct_avg_30": 0.0, "Unemployment Rate Annually_rolling_pct_avg_90": 0.0, "WPIATT01INM661N_rolling_pct_avg_30": -9.548611110798966e-05, "WPIATT01INM661N_rolling_pct_avg_90": -3.182870370266322e-05, "WPI_to_CPI_ratio": 86.51128486712616, "WPI_to_CPI_pct_change": -0.0028645833332285875, "CPI_lag_30": 157.5517, "CPI_lag_90": 157.5517, "CPI_lag_365": 158.3229, "CPI_pct_change_30": 0.0, "CPI_pct_change_90": 0.0}, "feature_columns": ["DEXINUS_pct_change_30", "DEXINUS_pct_change_90", "DEXINUS_pct_change_180", "INDLORSGPNOSTSAM_pct_change_30", "INDLORSGPNOSTSAM_pct_change_90", "INDLORSGPNOSTSAM_pct_change_180", "INTDSRINM193N_pct_change_30", "INTDSRINM193N_pct_change_90", "INTDSRINM193N_pct_change_180", "MKTGDPINA646NWDB_pct_change_30", "MKTGDPINA646NWDB_pct_change_90", "MKTGDPINA646NWDB_pct_change_180", "Unemployment Rate Annually_pct_change_30", "Unemployment Rate Annually_pct_change_90", "Unemployment Rate Annually_pct_change_180", "WPIATT01INM661N_pct_change_30", "WPIATT01INM661N_pct_change_90", "WPIATT01INM661N_pct_change_180", "DEXINUS_lag_pct_30", "DEXINUS_lag_pct_90", "INDLORSGPNOSTSAM_lag_pct_30", "INDLORSGPNOSTSAM_lag_pct_90", "INTDSRINM193N_lag_pct_30", "INTDSRINM193N_lag_pct_90", "MKTGDPINA646NWDB_lag_pct_30", "MKTGDPINA646NWDB_lag_pct_90", "Unemployment Rate Annually_lag_pct_30", "Unemployment Rate Annually_lag_pct_90", "WPIATT01INM661N_lag_pct_30", "WPIATT01INM661N_lag_pct_90", "DEXINUS_rolling_pct_avg_30", "DEXINUS_rolling_pct_avg_90", "INDLORSGPNOSTSAM_rolling_pct_avg_30", "INDLORSGPNOSTSAM_rolling_pct_avg_90", "INTDSRINM193N_rolling_pct_avg_30", "INTDSRINM193N_rolling_pct_avg_90", "MKTGDPINA646NWDB_rolling_pct_avg_30", "MKTGDPINA646NWDB_rolling_pct_avg_90", "Unemployment Rate Annually_rolling_pct_avg_30", "Unemployment Rate Annually_rolling_pct_avg_90", "WPIATT01INM661N_rolling_pct_avg_30", "WPIATT01INM661N_rolling_pct_avg_90", "WPI_to_CPI_ratio", "WPI_to_CPI_pct_change", "CPI_lag_30", "CPI_lag_90", "CPI_lag_365", "CPI_pct_change_30", "CPI_pct_change_90"]}